<?xml version="1.0" encoding="UTF-8"?><rss version="2.0"
	xmlns:content="http://purl.org/rss/1.0/modules/content/"
	xmlns:dc="http://purl.org/dc/elements/1.1/"
	xmlns:atom="http://www.w3.org/2005/Atom"
	xmlns:sy="http://purl.org/rss/1.0/modules/syndication/"
	
	>
<channel>
	<title>
	Comments on: How important is contrast in photography	</title>
	<atom:link href="https://arepto.github.io/barbershop/rokophoto-how-important-is-contrast-in-photography/feed/" rel="self" type="application/rss+xml" />
	<link>https://arepto.github.io/barbershop/rokophoto-how-important-is-contrast-in-photography/</link>
	<description>Just another WordPress site</description>
	<lastBuildDate>Mon, 29 Jul 2019 06:16:33 +0000</lastBuildDate>
	<sy:updatePeriod>
	hourly	</sy:updatePeriod>
	<sy:updateFrequency>
	1	</sy:updateFrequency>
	<generator>https://wordpress.org/?v=5.8.1</generator>
</channel>
</rss>
