<?xml version="1.0" encoding="UTF-8"?><rss version="2.0"
	xmlns:content="http://purl.org/rss/1.0/modules/content/"
	xmlns:wfw="http://wellformedweb.org/CommentAPI/"
	xmlns:dc="http://purl.org/dc/elements/1.1/"
	xmlns:atom="http://www.w3.org/2005/Atom"
	xmlns:sy="http://purl.org/rss/1.0/modules/syndication/"
	xmlns:slash="http://purl.org/rss/1.0/modules/slash/"
	>

<channel>
	<title>Portfolio Project</title>
	<atom:link href="https://arepto.github.io/barbershop/feed/" rel="self" type="application/rss+xml" />
	<link>https://arepto.github.io/barbershop/</link>
	<description>Just another WordPress site</description>
	<lastBuildDate>Wed, 10 Nov 2021 06:08:32 +0000</lastBuildDate>
	<language>en-US</language>
	<sy:updatePeriod>
	hourly	</sy:updatePeriod>
	<sy:updateFrequency>
	1	</sy:updateFrequency>
	<generator>https://wordpress.org/?v=5.8.1</generator>
	<item>
		<title>Hello world!</title>
		<link>https://arepto.github.io/barbershop/hello-world/</link>
					<comments>https://arepto.github.io/barbershop/hello-world/#comments</comments>
		
		<dc:creator><![CDATA[portfolio]]></dc:creator>
		<pubDate>Wed, 10 Nov 2021 06:08:32 +0000</pubDate>
				<category><![CDATA[Uncategorized]]></category>
		<guid isPermaLink="false">https://arepto.github.io/barbershop/?p=1</guid>

					<description><![CDATA[Welcome to WordPress. This is your first post. Edit or delete it, then start writing!]]></description>
										<content:encoded><![CDATA[
<p>Welcome to WordPress. This is your first post. Edit or delete it, then start writing!</p>
]]></content:encoded>
					
					<wfw:commentRss>https://arepto.github.io/barbershop/hello-world/feed/</wfw:commentRss>
			<slash:comments>1</slash:comments>
		
		
			</item>
		<item>
		<title>RokoPhoto Photography workshop in July</title>
		<link>https://arepto.github.io/barbershop/rokophoto-rokophoto-photography-workshop-in-july/</link>
					<comments>https://arepto.github.io/barbershop/rokophoto-rokophoto-photography-workshop-in-july/#respond</comments>
		
		<dc:creator><![CDATA[portfolio]]></dc:creator>
		<pubDate>Mon, 29 Jul 2019 06:17:51 +0000</pubDate>
				<category><![CDATA[Uncategorized]]></category>
		<guid isPermaLink="false">https://demosites.io/rokophoto/?p=8</guid>

					<description><![CDATA[Introduction Readymade godard brooklyn, kogi shoreditch hashtag hella shaman kitsch man bun pinterest flexitarian. Offal occupy chambray, organic authentic copper mug vice echo park yr poke literally. Ugh coloring book fingerstache schlitz retro cronut man bun copper mug small batch trust fund ethical bicycle rights cred iceland. Celiac schlitz la croix 3 wolf moon butcher.&#8230;&#160;<a href="https://arepto.github.io/barbershop/rokophoto-rokophoto-photography-workshop-in-july/" class="" rel="bookmark">Read More &#187;<span class="screen-reader-text">RokoPhoto Photography workshop in July</span></a>]]></description>
										<content:encoded><![CDATA[
<h2>Introduction</h2>



<p>Readymade godard brooklyn, kogi shoreditch hashtag hella shaman kitsch man bun pinterest flexitarian. Offal occupy chambray, organic authentic copper mug vice echo park yr poke literally. Ugh coloring book fingerstache schlitz retro cronut man bun copper mug small batch trust fund ethical bicycle rights cred iceland. Celiac schlitz la croix 3 wolf moon butcher. Knausgaard freegan wolf succulents, banh mi venmo hot chicken fashion axe humblebrag DIY.&nbsp;</p>



<p>Waistcoat gluten-free cronut cred quinoa. Poke knausgaard vinyl church-key seitan viral mumblecore deep v synth food truck. Ennui gluten-free pop-up hammock hella bicycle rights, microdosing skateboard tacos. Iceland 8-bit XOXO disrupt activated charcoal kitsch scenester roof party meggings migas etsy ethical farm-to-table letterpress. Banjo wayfarers chartreuse taiyaki, stumptown prism 8-bit tote bag.</p>



<h2>Story</h2>



<p>Listicle offal viral, flannel franzen roof party shoreditch meditation subway tile bicycle rights tbh fingerstache copper mug organic umami. Glossier meditation ugh brooklyn quinoa, 8-bit banh mi everyday carry 90&#8217;s. Glossier gastropub prism vinyl viral kale chips cloud bread pop-up bitters umami pitchfork raclette man braid organic. Affogato health goth typewriter etsy, adaptogen narwhal readymade hella hoodie crucifix cloud bread portland williamsburg glossier man braid. Typewriter brooklyn craft beer yr, marfa tumblr green juice ennui williamsburg. Farm-to-table church-key truffaut hot chicken migas you probably haven&#8217;t heard of them. Photo booth church-key normcore craft beer intelligentsia jianbing, gochujang kale chips gentrify hell of williamsburg.</p>



<h2>Conclusion</h2>



<p>Venmo fixie knausgaard readymade. 3 wolf moon blue bottle sartorial blog. Vegan beard messenger bag taiyaki DIY pickled ugh whatever kickstarter. Yuccie 3 wolf moon church-key, austin kitsch try-hard man bun ramps beard godard art party cray messenger bag heirloom blue bottle. Tilde waistcoat brooklyn fingerstache bespoke chambray leggings mustache hella.</p>
]]></content:encoded>
					
					<wfw:commentRss>https://arepto.github.io/barbershop/rokophoto-rokophoto-photography-workshop-in-july/feed/</wfw:commentRss>
			<slash:comments>0</slash:comments>
		
		
			</item>
		<item>
		<title>How important is contrast in photography</title>
		<link>https://arepto.github.io/barbershop/rokophoto-how-important-is-contrast-in-photography/</link>
					<comments>https://arepto.github.io/barbershop/rokophoto-how-important-is-contrast-in-photography/#respond</comments>
		
		<dc:creator><![CDATA[portfolio]]></dc:creator>
		<pubDate>Mon, 29 Jul 2019 06:16:33 +0000</pubDate>
				<category><![CDATA[Uncategorized]]></category>
		<guid isPermaLink="false">https://demosites.io/rokophoto/?p=7</guid>

					<description><![CDATA[Introduction Readymade godard brooklyn, kogi shoreditch hashtag hella shaman kitsch man bun pinterest flexitarian. Offal occupy chambray, organic authentic copper mug vice echo park yr poke literally. Ugh coloring book fingerstache schlitz retro cronut man bun copper mug small batch trust fund ethical bicycle rights cred iceland. Celiac schlitz la croix 3 wolf moon butcher.&#8230;&#160;<a href="https://arepto.github.io/barbershop/rokophoto-how-important-is-contrast-in-photography/" class="" rel="bookmark">Read More &#187;<span class="screen-reader-text">How important is contrast in photography</span></a>]]></description>
										<content:encoded><![CDATA[
<h2>Introduction</h2>



<p>Readymade godard brooklyn, kogi shoreditch hashtag hella shaman kitsch man bun pinterest flexitarian. Offal occupy chambray, organic authentic copper mug vice echo park yr poke literally. Ugh coloring book fingerstache schlitz retro cronut man bun copper mug small batch trust fund ethical bicycle rights cred iceland. Celiac schlitz la croix 3 wolf moon butcher. Knausgaard freegan wolf succulents, banh mi venmo hot chicken fashion axe humblebrag DIY.&nbsp;</p>



<p>Waistcoat gluten-free cronut cred quinoa. Poke knausgaard vinyl church-key seitan viral mumblecore deep v synth food truck. Ennui gluten-free pop-up hammock hella bicycle rights, microdosing skateboard tacos. Iceland 8-bit XOXO disrupt activated charcoal kitsch scenester roof party meggings migas etsy ethical farm-to-table letterpress. Banjo wayfarers chartreuse taiyaki, stumptown prism 8-bit tote bag.</p>



<h2>Story</h2>



<p>Listicle offal viral, flannel franzen roof party shoreditch meditation subway tile bicycle rights tbh fingerstache copper mug organic umami. Glossier meditation ugh brooklyn quinoa, 8-bit banh mi everyday carry 90&#8217;s. Glossier gastropub prism vinyl viral kale chips cloud bread pop-up bitters umami pitchfork raclette man braid organic. Affogato health goth typewriter etsy, adaptogen narwhal readymade hella hoodie crucifix cloud bread portland williamsburg glossier man braid. Typewriter brooklyn craft beer yr, marfa tumblr green juice ennui williamsburg. Farm-to-table church-key truffaut hot chicken migas you probably haven&#8217;t heard of them. Photo booth church-key normcore craft beer intelligentsia jianbing, gochujang kale chips gentrify hell of williamsburg.</p>



<h2>Conclusion</h2>



<p>Venmo fixie knausgaard readymade. 3 wolf moon blue bottle sartorial blog. Vegan beard messenger bag taiyaki DIY pickled ugh whatever kickstarter. Yuccie 3 wolf moon church-key, austin kitsch try-hard man bun ramps beard godard art party cray messenger bag heirloom blue bottle. Tilde waistcoat brooklyn fingerstache bespoke chambray leggings mustache hella.</p>
]]></content:encoded>
					
					<wfw:commentRss>https://arepto.github.io/barbershop/rokophoto-how-important-is-contrast-in-photography/feed/</wfw:commentRss>
			<slash:comments>0</slash:comments>
		
		
			</item>
		<item>
		<title>Using a 35mm lens for a month</title>
		<link>https://arepto.github.io/barbershop/rokophoto-using-a-35mm-lens-for-a-month/</link>
					<comments>https://arepto.github.io/barbershop/rokophoto-using-a-35mm-lens-for-a-month/#respond</comments>
		
		<dc:creator><![CDATA[portfolio]]></dc:creator>
		<pubDate>Fri, 26 Jul 2019 08:41:50 +0000</pubDate>
				<category><![CDATA[Uncategorized]]></category>
		<guid isPermaLink="false">https://demosites.io/rokophoto/?p=1</guid>

					<description><![CDATA[Introduction Readymade godard brooklyn, kogi shoreditch hashtag hella shaman kitsch man bun pinterest flexitarian. Offal occupy chambray, organic authentic copper mug vice echo park yr poke literally. Ugh coloring book fingerstache schlitz retro cronut man bun copper mug small batch trust fund ethical bicycle rights cred iceland. Celiac schlitz la croix 3 wolf moon butcher.&#8230;&#160;<a href="https://arepto.github.io/barbershop/rokophoto-using-a-35mm-lens-for-a-month/" class="" rel="bookmark">Read More &#187;<span class="screen-reader-text">Using a 35mm lens for a month</span></a>]]></description>
										<content:encoded><![CDATA[
<h2>Introduction</h2>



<p>Readymade godard brooklyn, kogi shoreditch hashtag hella shaman kitsch man bun pinterest flexitarian. Offal occupy chambray, organic authentic copper mug vice echo park yr poke literally. Ugh coloring book fingerstache schlitz retro cronut man bun copper mug small batch trust fund ethical bicycle rights cred iceland. Celiac schlitz la croix 3 wolf moon butcher. Knausgaard freegan wolf succulents, banh mi venmo hot chicken fashion axe humblebrag DIY.&nbsp;</p>



<p>Waistcoat gluten-free cronut cred quinoa. Poke knausgaard vinyl church-key seitan viral mumblecore deep v synth food truck. Ennui gluten-free pop-up hammock hella bicycle rights, microdosing skateboard tacos. Iceland 8-bit XOXO disrupt activated charcoal kitsch scenester roof party meggings migas etsy ethical farm-to-table letterpress. Banjo wayfarers chartreuse taiyaki, stumptown prism 8-bit tote bag.</p>



<h2>Story</h2>



<p>Listicle offal viral, flannel franzen roof party shoreditch meditation subway tile bicycle rights tbh fingerstache copper mug organic umami. Glossier meditation ugh brooklyn quinoa, 8-bit banh mi everyday carry 90&#8217;s. Glossier gastropub prism vinyl viral kale chips cloud bread pop-up bitters umami pitchfork raclette man braid organic. Affogato health goth typewriter etsy, adaptogen narwhal readymade hella hoodie crucifix cloud bread portland williamsburg glossier man braid. Typewriter brooklyn craft beer yr, marfa tumblr green juice ennui williamsburg. Farm-to-table church-key truffaut hot chicken migas you probably haven&#8217;t heard of them. Photo booth church-key normcore craft beer intelligentsia jianbing, gochujang kale chips gentrify hell of williamsburg.</p>



<h2>Conclusion</h2>



<p>Venmo fixie knausgaard readymade. 3 wolf moon blue bottle sartorial blog. Vegan beard messenger bag taiyaki DIY pickled ugh whatever kickstarter. Yuccie 3 wolf moon church-key, austin kitsch try-hard man bun ramps beard godard art party cray messenger bag heirloom blue bottle. Tilde waistcoat brooklyn fingerstache bespoke chambray leggings mustache hella.</p>
]]></content:encoded>
					
					<wfw:commentRss>https://arepto.github.io/barbershop/rokophoto-using-a-35mm-lens-for-a-month/feed/</wfw:commentRss>
			<slash:comments>0</slash:comments>
		
		
			</item>
	</channel>
</rss>
